200	OPEN	1	01ff6d98-07a8-46a4-b662-8f4baae73dde
200	OPEN	1	4c18656a-0987-4f08-bc06-3769a574ef68
200	OPEN	1	7d2f31eb-096d-47d1-ae1b-c3638a091034
200	OPEN	1	b6c2e2cf-24b6-4008-828c-1a464bf6d438
200	OPEN	1	1a5e5a61-2363-47b3-985c-f0a2cd8bd2d9
200	OPEN	1	34da2291-d622-47b1-8f0e-f0749b23876d
200	OPEN	1	f2650bde-f09b-4747-8f90-fea4f2db934a
200	OPEN	1	99b1286f-e71c-4408-88d3-00b320019b7e
200	OPEN	1	1f8b7e36-7c10-41dc-aed3-7f975437f197
200	OPEN	1	2e13269e-1bbc-4085-8b6f-d3903a5be7e7
200	OPEN	1	74d28268-ad24-4e3c-8ee3-c6b539796298
200	OPEN	1	b66bf8aa-8588-4140-932e-27ff24a4237a
409	OPEN	1	
409	OPEN	1	
409	OPEN	1	
409	OPEN	1	
409	OPEN	1	
409	OPEN	1	
409	OPEN	1	
409	OPEN	1	
409	OPEN	1	
409	OPEN	1	
409	OPEN	1	
409	OPEN	1	
409	OPEN	1	
409	OPEN	1	
409	OPEN	1	
409	OPEN	1	
409	OPEN	1	
409	OPEN	1	
409	OPEN	1	
409	OPEN	1	
409	OPEN	1	
409	OPEN	1	
409	OPEN	1	
409	OPEN	1	
409	OPEN	1	
409	OPEN	1	
409	OPEN	1	
409	OPEN	1	
409	OPEN	1	
409	OPEN	1	
409	OPEN	1	
409	OPEN	1	
409	OPEN	1	
409	OPEN	1	
409	OPEN	1	
409	OPEN	1	
409	OPEN	1	
409	OPEN	1	
409	OPEN	1	
409	OPEN	1	
409	OPEN	1	
409	OPEN	1	
409	OPEN	1	
409	OPEN	1	
409	OPEN	1	
409	OPEN	1	
409	OPEN	1	
409	OPEN	1	
409	OPEN	1	
409	OPEN	1	
409	OPEN	1	
409	OPEN	1	
409	OPEN	1	
409	OPEN	1	
409	OPEN	1	
409	OPEN	1	
409	OPEN	1	
409	OPEN	1	
409	OPEN	1	
409	OPEN	1	
409	OPEN	1	
409	OPEN	1	
409	OPEN	1	
409	OPEN	1	
409	OPEN	1	
409	OPEN	1	
409	OPEN	1	
409	OPEN	1	
409	OPEN	1	
409	OPEN	1	
409	OPEN	1	
409	OPEN	1	
409	OPEN	1	
409	OPEN	1	
409	OPEN	1	
409	OPEN	1	
409	OPEN	1	
409	OPEN	1	
409	OPEN	1	
409	OPEN	1	
409	OPEN	1	
409	OPEN	1	
409	OPEN	1	
409	OPEN	1	
409	OPEN	1	
409	OPEN	1	
409	OPEN	1	
409	OPEN	1	
